{"cameraMode":{"drawMode":0,"name":"Shaded","section":"Shading Mode"},"sceneLighting":false,"audioPlay":false,"sceneViewState":{"showFog":true,"showMaterialUpdate":false,"showSkybox":true,"showFlares":true,"showImageEffects":true,"showParticleSystems":true},"in2DMode":false,"pivot":{"x":-0.23753927648067475,"y":-0.0015504918992519379,"z":0.3260544240474701},"rotation":{"x":-0.021302903071045877,"y":-0.02189601957798004,"z":0.00046665666741319,"w":-0.9995331764221191},"size":0.9255163073539734,"orthographic":false}